Name;Address;Phone number
IF - Kosmetiksalon Frauendorfer Irene;Am Schöpfwerk 29-31/5, 1120 Wien;+43 1 9958724
AktiVital Simmering - Kosmetik, Haarentfernung, Fußpflege, Maniküre, Massage & Salzgrotte;Simmeringer Hauptstraße 80-82, 1110 Wien;+43 660 8109161
BODYCARE SPEKTRUM;Schäffergasse 1, 1040 Wien;+43 1 5856935
Kosmetikstudio ORCHID Beauty;Neulerchenfelder Straße 4, 1160 Wien;+43 1 4062425
Prim. Dr. med. Dorota Steffanson;Spitalgasse 1A, 1090 Wien;+43 1 4063499
Kosmetikstudio Karin;Hietzinger Hauptstraße 36, 1130 Wien;+43 1 8778226
Svoboda Sieglinde GesmbH;Gruschaplatz 4, 1140 Wien;+43 1 9140926
Patricia M Haber;Wollzeile 32, 1010 Wien;+43 1 5124381
Kosmetik-Institut Ingrid Kalser & Melanie Jansohn;Wasagasse 26, 1090 Wien;+43 1 3198607
CHANNOINE COSMETIC - Renate Holzhammer - Visagist & Makeup-Artist;Maulbeergasse 9 B, 1220 Wien;+43 676 3701431
CHANNOINE COSMETIC - Renate Holzhammer - Visagist & Makeup-Artist;Wasagasse 6, 1090 Wien;+43 676 3701431
Maria Hadek;Krichbaumgasse 1/Ecke Albrechtsbergerg 26, 1120 Wien;+43 1 8153584
Kosmetik Marianne;Praterstraße 52/20, 1020 Wien;+43 1 2166284
TINESI OASE;Endresstraße 112, 1230 Wien;+43 1 8862208
HAARFREI Laser Care GmbH;Gymnasiumstraße 60, 1190 Wien;+43 1 3690493
Dipl-Kosm. Sonja Axmann;Bossigasse 31, 1130 Wien;+43 699 10257911
VIP Place of Beauty e.U.;Weyringergasse 32, 1040 Wien;+43 660 7222576
hands:up Institut für Hand und Nagelpflege;Nußdorfer Straße 9, 1090 Wien;+43 1 3193701
Beauty in the City GmbH;Singerstraße 27/44 DG, 1010 Wien;+43 1 2085849
Wellness City Lounge;Sechskrügelgasse 18, 1030 Wien;+43 171 45912
COSAMED - KOSMETIK STERBA;Kunerolgasse 5, 1230 Wien;+43 1 8049545
Cosmetik Donaustadt - Alexandra Zejda;Godlewskigasse 24/1-3, 1220 Wien;+43 1 2039888
Art of Cosmetic - R Pikal GesmbH;Wickenburggasse 2, 1080 Wien;+43 1 4064639
Beauty Fashion - Schönheits & Vitalcenter;Mariahilfer Straße 47/3/3008, 1060 Wien;+43 664 88621331
Beautique Kosmetiksalon Strzizek GesmbH;Rathstraße 14, 1190 Wien;+43 1 4401073
Dietmann Professional;Kalvarienberggasse 64, 1170 Wien;+43 1 4054725
Kosmetikinstitut Centella;Maroltingergasse 36, 1160 Wien;+43 660 8753394
Beautykosmetik Mauer Inh Marion Seitz;Maurer Lange Gasse 39, 1230 Wien;+43 1 8880222
Dietz Irene GmbH Kosmetik + Fusspflege;Jedleseer Straße 74, 1210 Wien;+43 1 2783929
Kosmetikinstitut Centella;Bernhardtstalgasse 38/Eingang Hardtmuthg., 1100 Wien;+43 676 5459050
Centella Sofri Spa Wien;Seilergasse 4/2, 1010 Wien;+43 1 4102584
Visage Academy - Microblading in Wien;Ottakringer Straße 142, 1160 Wien;+43 676 7444740
CELL Ganzheitskosmetikinstitut Sabine Schaffer;Mosergasse 9/2, 1090 Wien;+43 1 3108448
Salon Hofstädter - Wilma GesmbH;Geßlgasse 1a, 1230 Wien;0800 240431327
Ehrlich & Co GesmbH NfG e.U.;Marxergasse 9, 1030 Wien;+43 171 22254
Wagner Susanna - Kosmetik, Hand- u. Fußpflege, Microblading;Arnezhoferstraße 10, 1020 Wien;+43 1 7268442
SP Hair&Beauty Lounge e.U.;Otto-Bauer-Gasse 22, 1060 Wien;+43 1 9437384
ANDREA Helen Barwinek - reine NATURKOSMETIK;Sandleitengasse 9-13/11/12, 1160 Wien;+43 1 4863465
Haus der Schönheit Kosmetik- Hand- u. Fußpflege Aspern;Asperner Heldenplatz 5, 1220 Wien;+43 1 2870839
HBeautylines e.U.;Percostraße 15, 1220 Wien;+43 800 400171037
The Beauty Salon;Lobkowitzplatz 3, 1010 Wien;+43 1 5121316
Studio Brigitte Kosmetik & Nageldesign;Wagramer Straße 61/Stg.9/Tür1 - Eingang Donizettiweg, 1220 Wien;+43 699 12675027
NAILSPA Beauty & Home;Wulzendorfstraße 92-94/5/3, 1220 Wien;+43 1 2854500
Kosmetikinstitut Dohnal Petra;Liechtensteinstraße 75, 1090 Wien;+43 1 3171459
Ekosmetik;Beatrixgasse 3/13, 1030 Wien;+43 664 5852791
Deluxe Metics;Lange Gasse 50/Top 3, 1080 Wien;+43 699 10805002
Face & Body Cosmeticstudio - Inh Lukes Caroline Bianca;Alser Straße 23/8, 1080 Wien;+43 676 3119111
Avantgardekiss - Judit Nagy;Stadiong 2/Top 10 DG, 1010 Wien;+43 699 10805002
Wohlfühloase Carmen Nadina Banyasz;Breitenseer Straße 40, 1140 Wien;+43 1 9852577
Dr. Brows Vienna;Rotenturmstraße 12/Stiege 2/18, 1010 Wien;+43 660 9083434
Beauty Atelier Meggi Haas;Herrengasse 5/2, Top 1, 1010 Wien;+43 699 19661127
Hartner Kosmetik + Fußpflegesalon Brigitte;Jörgerstraße 20, 1170 Wien;+43 1 4026872
Beauty-Center Riebenbauer;Breitenfurter Straße 360-368, 1230 Wien;+43 1 8690437
Permanentbeauty OG;Landstraßer Hauptstraße 117, 1030 Wien;+43 171 07340
STYLELINE BY MM;Albertgasse 57, 1080 Wien;+43 660 5269262
Bacher Tometschek OG;Mariahilfer Straße 184, 1150 Wien;+43 699 12624004
Pia Kosmetik;Seidlgasse 41, 1030 Wien;+43 1 7101100
Miracle Beauty Spa - Zaczynska Joanna;Himmelpfortgasse 20, 1010 Wien;+43 1 5122245
HAARFREI Laser Care GmbH;Taborstraße 52B/1, 1020 Wien;+43 1 2125838
SABCOS;Hainburger Straße 38, 1030 Wien;+43 1 7180339
La Belezza Fußpflege, Massage & Kosmetik Lingens KG;Münichreiterstraße 53/5, 1130 Wien;+43 1 8795008
Elena Berger Kosmetiksalon;Weihburggasse 18-20/21, 1010 Wien;+43 699 11419893
Darphin Cosmetic;Neutorgasse 12, 1010 Wien;+43 1 5321003
time of ease;Bauernmarkt 19, 1010 Wien;0800 400171568
Kosmetik & Fußpflege Hildegard Maurer;Hetzendorfer Straße 97/Lokal 1, 1120 Wien;+43 1 8021536
Beauté chez "Vally" Kosmetikinstitut;Margaretenstraße 6, 1040 Wien;+43 1 5868772
Fußpflegesalon Margit;Schwendergasse 1A, 1150 Wien;+43 1 8920359
Dani Kosmetik;Mozartgasse 7, 1040 Wien;+43 1 5054410
Grahsner Bettina Dipl. Kinesiologie und Cranio Sacrale Therapie;Hietzinger Hauptstraße 93/Stiege 2, 1130 Wien;+43 664 1816137
Januschek Beate;Pilgramgasse 5, 1050 Wien;+43 1 5446358
Kosmetik Fußpflege;Kinzerplatz 1, 1210 Wien;+43 1 2716266
Kosmetik & Fusspflege Inh. Marta Hans;Hoffingergasse 30/1/5, 1120 Wien;+43 660 7218526
Parfumerie Kosmetiksalon HUBER;Simmeringer Hauptstraße 183, 1110 Wien;+43 1 7675111
Kosmetiksalon Wurzer;Laaer-Berg-Straße 34/3, 1100 Wien;+43 699 10507000
Petra Felber - Kosmetikinstitut;Lustkandlgasse 12/3, 1090 Wien;+43 664 2258822
Kosmetik Christa Fuchs;Hahngasse 34, 1090 Wien;+43 664 4042259
Kosmetik Denise;Brünner Straße 133/ Lokal 7, 1210 Wien;+43 699 10880082
Kosmetikinstitut u Fußpflege Claudia Gulz;Eßlinger Hauptstraße 89/7/4, 1220 Wien;+43 1 7742239
Allure Cosmetics;Billrothstraße 2a, 1190 Wien;+43 1 3671266
Kosmetik Franziska;Markhofgasse 12-18/6/R1, 1030 Wien;+43 664 5365690
Brandstetter - Permanent Make-up Artist e.U.;Neustiftgasse 112, 1070 Wien;+43 660 7663421
Harmonie-Kosmetik Karin Kepreda;Weinberggasse 51, 1190 Wien;+43 1 3697171
Christiane Eder - Kosmetik - Massage;Schwedenplatz 2/15, 1010 Wien;+43 664 3149343
Kosmetik Mona;Sechskrügelgasse 5, 1030 Wien;+43 1 7152847
HAUTnah Medical Spa;Piaristengasse 49, 1080 Wien;+43 664 5257337
Fußpflege & Kosmetik Claudia;Maschlgasse 124, 1220 Wien;+43 1 2808083
Kosmetik für Sie und Ihn - Brigitta Welz;Budaugasse 51, 1220 Wien;+43 664 1746705
Medicare Wien;Schottenring 30, Ecke Franz-Josefs-Kai 59, 1010 Wien;+43 699 19045437
Kosmetik Grinzing;Himmelstraße 11/B, 1190 Wien;+43 699 19240627
Allure Cosmetics 1090;Fuchsthallergasse 9, 1090 Wien;+43 1 3101991
Dermacare - Institut für ästhetische Behandlungen;Morzinplatz 4, 1010 Wien;+43 1 5320334
Beauty Oase - Renata Braun;Attemsgasse 7/D/15, 1220 Wien;+43 664 3011801
MIRELA;Wilhelmstraße 16, 1120 Wien;+43 1 8131598
Beauty and Health Wien, Exxco Cosmetics - Kosmetik-Permanentmake-up Kerstin Häfner;Siebenbürgerstraße 3, 1220 Wien;+43 699 10167187
Esthetic KG;Donaufelder Straße 203, 1220 Wien;+43 699 19525577
Spirit & Style Beauty Salon;Landstraßer Gürtel 21, 1030 Wien;+43 1 2087219
Top Beauty;Speisinger Straße 71, 1130 Wien;+43 1 8047615
La Bonita Beauty Spa;Schelleingasse 2, 1040 Wien;+43 1 5036724
Beautysalon Schauer;Enzingergasse 2/5, 1070 Wien;+43 699 19030965
Cosmetik-Studio 3 GesmbH;Rennweg 23, 1030 Wien;+43 1 7156858
Kosmetik Eva;Reumannplatz 15/1, 1100 Wien;+43 1 6047633
Mawie Beauty Canan Kacar;Schlachthausgasse 39 Ecke Barthgasse 2, 1030 Wien;+43 664 5744461
MP- KOSMETIK;Längenfeldgasse 68/Eingang Karl-Löweg., 1120 Wien;+43 1 8131547
Pulchris am Stefansplatz Beauty & Nails;Goldschmiedgasse 2/3, 1010 Wien;+43 664 73565005
Ziegerhofer Sigrid;Wilhelminenstraße 33, 1160 Wien;+43 1 4844288
Beauty Flair;Stadlauer Straße 62, 1220 Wien;+43 676 7032811
Elisabeta Kosmetik & Fußpflege;Wipplingerstraße 18, 1010 Wien;+43 1 5333590
Style You;Stadlauer Straße 39/5, 1220 Wien;+43 650 5402602
Profimakeup Uschi Bacher;Altgasse 13, 1130 Wien;+43 676 6808706
Renate Kosmetik;Benedikt-Schellinger-Gasse 19, 1150 Wien;+43 1 9858622
ElaPure - Make Up & Hairstyling;Haidingergasse 23/40, 1030 Wien;+43 676 6657058
Beauty Galaxy Outer Limits;Etrichstraße 40/7a, 1110 Wien;+43 1 7672731
Beauty & Spa Inh Devic Sladjana;Maxingstraße 14/1, 1130 Wien;+43 699 11222300
Beautysalon Elisabeth Zimmerl;Nisselgasse 17, 1140 Wien;+43 664 9184189
Biocanin Dragica;Breitenfurter Straße 291-297, 1230 Wien;+43 1 9565596
Carina Denise - Makeup Artist - Visagist;Barichgasse, 1030 Wien;+43 676 9445738
City Wellness medical Alexander Stössl;Lenaugasse 5, 1080 Wien;+43 1 4063761
Haut & Sinne - Institut für Ganzheitskosmetik e.U.;Glockengasse 14a, 1020 Wien;+43 699 18238742
Holde Maid - Naturkosmetik und Wellness, Stefanie Maresch;Mariahilfer Straße 1D/Top 12, 1060 Wien;+43 660 2304052
Ihr dm Kosmetik Studio;Millennium Tower Handelskai 94-96, 1200 Wien;+43 1 2409047-12
IVAYLA'S BEAUTY & STYLE e.U.;Barmherzigengasse 16, 1030 Wien;+43 1 7106193
Miraculum Kosmetikinstitut;Quellenstraße 141, 1100 Wien;+43 1 9411907
Mona Lisa Nagelstudio GmbH;Mariahilfer Straße 112, 1070 Wien;+43 1 5221616
Multilook OG;Erdbergstraße 168/4, 1030 Wien;
Schönheit2go;Wagramer Straße 81 Donauzentrum Top 124, 1220 Wien;+43 664 2408078
Studio Michaela;Alserbachstraße 8, 1090 Wien;+43 1 9449595
TATTOODETOX - Tattooentfernung;Nußdorfer Platz 6/5, 1190 Wien;+43 677 61466090
Top Beauty & More GmbH;Kreilplatz 1, 1190 Wien;+43 664 88185411
Waxing Lounge;Märzstraße 62/Top 1, 1150 Wien;+43 677 62702900
AK Pure-Beauty-Cosmetic-KG;Landstraßer Hauptstraße 146/7a, 1030 Wien;+43 1 7154609
Senzera - Waxing Studio Wien-Mariahilf;Barnabitengasse 10, 1060 Wien;+43 1 5850708
Beauty Lounge Inh. Danijela Bogner;Universitätsstraße 11, 1010 Wien;+43 1 4061111
Kosmetikinstitut Relax;Salierigasse 29, 1180 Wien;+43 1 4701110
Ihr dm Kosmetik Studio;Breitenfurter Straße 261, 1230 Wien;+43 1 6627918-12
La Bella Bianca;Seilerstätte 15/7, 1010 Wien;+43 1 5127136
Kosmetikinstitut Perfect Skin - Inh. Manuela Konarski;Gumpendorfer Straße 138, 1060 Wien;+43 660 5083047
Fachstudio Heirich;Hellgasse 3, 1160 Wien;+43 1 9826173
Ideal Beauty;Bauernmarkt 6/19, 1010 Wien;+43 699 11344554
The BeautyBar;Postgasse 16, 1010 Wien;+43 1 8903754
4 my Luxus;Eßlinger Hauptstraße 24, 1220 Wien;+43 680 3137031
Alpha Ten Beauty e.U.;Rinnböckstraße 24/2, 1110 Wien;
AMACOS - Schönheit und Gesundheit e.U.;Armbrustergasse 6-8/2, 1190 Wien;
Amazonia;Bauernmarkt 18, 1010 Wien;+43 676 9743453
AP Kosmetik;Sonnwendgasse 15/1.Stock/220, 1100 Wien;+43 650 8318394
Aromakosmetik decleor u Klangmassagestudio;Schönbrunner Schloßstraße 28/12, 1120 Wien;+43 699 19204675
art & beauty t13;Servitengasse 16/1, 1090 Wien;+43 1 9972814
Artun Dilek;Laaer-Berg-Straße 39/3/11, 1100 Wien;
Ärzte + Kosmetik Zentrum;Spitalgasse 1a, 1090 Wien;+43 1 4063499
Assfahani Rania;Gersthofer Straße 75-77/13/8, 1180 Wien;
Aureus Kosmetik GmbH;Schottenring 30 Ringturm, 1010 Wien;+43 699 19045437
Avintique e.U.;Nußdorfer Straße 61, 1090 Wien;
BA Elena Reepsdorff;Herklotzgasse 18/15, 1150 Wien;
BA Isabell Natalie Planer;Goldschlagstraße 32/6, 1150 Wien;
Baron Mirela Dipl-Kosmetikerin Harmonische Ganzheitskosmetik f Körper u Geist;Kandlgasse 16/1/9, 1070 Wien;+43 676 9644250
Bauer Sandra;Jerusalemgasse 3/9, Tür 5, 1210 Wien;
Bayana's Beauty Lounge;Schnirchgasse 12, 1030 Wien;+43 650 6354218
Bazsó Viktória;Hietzinger Kai 141/537, 1130 Wien;
BeauTeam Kosmetik OG;Postgasse 1-3/12, 1010 Wien;+43 664 1781919
BEAUTICA Fußpflege & Kosmetik LASTRO KG;Haslingergasse 51/GL3, 1160 Wien;
BeautifulME;Linzer Straße 456/3/Top 10 (Hinterhaus), 1140 Wien;+43 1 9448260
Beauty & Lifestyle, Smile Spa;Wallnerstraße 4, Palais Esterhazy, 1010 Wien;+43 1 5321060
Beauty & SPA Center;Keplerplatz 12/Top 20, 1100 Wien;+43 1 6065558
Beauty Atelier Irene Chowanetz - Dipl Make Up Artist - Farb-u Stilberatung;Hagedornweg 2/1/13, 1220 Wien;+43 699 19225211
Beauty Blossom OG;Märzstraße 94, 1150 Wien;
Beauty Box e.U.;Josefstädter Straße 35, 1080 Wien;+43 699 10063066
Beauty Center Martina;Rotenhofgasse 7, 1100 Wien;+43 1 8908888
Beauty Fun Waltraud Schafler-Zorn;Niederhofstraße 3, 1120 Wien;+43 1 8158342
Beauty Line Cosmetics;Schönbrunner Straße 279, 1120 Wien;+43 1 4102894
Beauty Loft Vienna;Hernalser Hauptstraße 137, 1170 Wien;+43 688 61100818
Beauty Lounge Claudia Wokurek;Maria-Tusch-Straße 6, 1220 Wien;+43 699 11054688
Beauty Organic Cosmetic AND GmbH;Wiedner Hauptstraße 39/1/48, 1040 Wien;
Beauty Permanent Make Up - Wioletta Dabrowski e.U.;Bernhardtstalgasse 21/2/43, 1100 Wien;
Beauty Salon Bella Bianca;Radetzkystraße 4, 1030 Wien;+43 1 9665963
Beauty Studio Bellissima;Lazarettgasse 12, 1090 Wien;+43 1 4090746
BeautyArcade;Schellhammergasse 8, 1160 Wien;+43 1 4089785
beautymoods GmbH;Saarplatz 18/1, 1190 Wien;+43 664 3086012
Beciric Andela;Währinger Gürtel 49/16, 1180 Wien;
Bellapierre Cosmetics;Walfischgasse 6, 1010 Wien;+43 1 9520681
Berbecaru Tetyana;Zollergasse 7/6, 1070 Wien;
Bestwina Balbina Maria;Novaragasse 33/2/1, 1020 Wien;
Bettina Grahsner - Ganzheitskosmetik;Hietzinger Hauptstraße 93/2, 1130 Wien;+43 664 1816137
beyouty OG;Währinger Straße 24/9+10, 1090 Wien;
Bio-Kosmetika & Wein;Kirchberggasse 17, 1070 Wien;+43 1 8902649
Birgit Sutter;Forsthausgasse 16-20, 1200 Wien;+43 1 3746474
Blanka Hillebrand & Maria Galland;Langenzersdorfer Straße 42, 1210 Wien;+43 1 2926563
Böce Esref;Meißnergasse 5/1/6, 1220 Wien;
BodyGO – wax and nail lounge;Andreasgasse 6, 1070 Wien;+43 660 3597484
Böhm Melanie;Spittelauer Lände 15-21/10/2, 1090 Wien;
Braune Christina Make-up & Hair;1100 Wien;+43 676 6628437
Brill Nails 1;Hernalser Hauptstraße 57, 1170 Wien;+43 676 4052723
Brunold Eva Maria;Ottakringer Straße 163/3, 1160 Wien;
Bulbuc Manuela-Miruna;Severin-Schreiber-Gasse 11/1/5, 1180 Wien;
CHA CHA Kosmetik-Nagelstudio-Fußpflege-Figurkorrektur;Meidlinger Hauptstraße 7-9, 1120 Wien;+43 699 10064922
Channoine Kosmetik Gloessner;Eßlinger Hauptstraße 26, 1220 Wien;+43 1 7747444
ChatnoirRocks e.U.;Martinstraße 45/2, 1180 Wien;
Christa Cosmetic-Massage Inh. Sylvia Ackerl;Stadlergasse 2, 1130 Wien;+43 1 8768698
City Lashes e.U.;Skraupstraße 24/23/37, 1210 Wien;
Class Woman Beauty Salon;Brünner Straße 43, 1210 Wien;+43 688 64307032
Contacto;Naglergasse 7/2/8, 1010 Wien;+43 664 9169511
Conte Kosmetik - Mary Zelenka;Quellenstraße 211-213, 1100 Wien;+43 664 1135650
COSAMED - KOSMETIK STERBA;Endresstraße 125, 1230 Wien;+43 1 8862344
COSMETIC BARBARA;Riemergasse 11/6, 1010 Wien;+43 699 14611934
Cosmetic Lounge;Schumanngasse 52, 1180 Wien;+43 699 10636155
Cosmetic-Institut Eva Brode im Gesundheitszentrum Mauer;Geßlgasse 19/2/Top 7, 1230 Wien;+43 1 7156565
Cosmetics;Lerchenfelder Straße 85, 1070 Wien;+43 1 5266112
craft up Sabine Reiter;Stolzenthalergasse 1/10, 1080 Wien;+43 660 7375553
CWPM Claudia Wixinger Permanent Makeup;Plankenmaisstraße 43, 1220 Wien;+43 664 1326040
Decleor de Beaut'e;Westbahnstraße 6, 1070 Wien;+43 1 5238305
Deniz Beauty KG;Rotenhofgasse 19/3-4, 1100 Wien;+43 1 2861839
Dermalounge Cosmetics OG;Antonie-Alt-Gasse 16/2/Top 1, 1100 Wien;+43 664 1548088
die Wiener - beauty-wellness-lifestyle;Auhofstraße 60/13, 1130 Wien;+43 699 11049865
Diva Beauty Lounge e.U.;Thaliastraße 148, 1160 Wien;+43 676 7031309
Divovic Sanela;Schottengasse 7/5, 1010 Wien;+43 1 2361336
dm drogerie markt GmbH;Hütteldorfer Straße 119, 1140 Wien;+43 1 9827473
Dobner Ingeborg;Mohsgasse 12/Top 5, 1030 Wien;+43 664 2243329
DOT.j beauty GmbH;Salesianergasse 24/Top 2, 1030 Wien;+43 676 5705575
Du bist schön - Naturkosmetik und Wellnessstudio;Neustiftgasse 14/2/I, 1070 Wien;+43 699 11126563
E.K.A.D. Kosmetiksalon;Meytensgasse 4, 1130 Wien;+43 1 8766365
E.K.A.D. Kosmetiksalon;Sibeliusstraße 5-9, 1100 Wien;+43 1 6159990
ECOSPA GmbH;Parkring 12a, 1010 Wien;+43 1 5129564
Eichler Bettina - Kosmetik Fußpflege;Skodagasse 23, 1080 Wien;+43 1 4057686
ENERGO Konstruktion Bau u. Kosmetikstudio KG;Hütteldorfer Straße 81a/2, 1150 Wien;+43 1 7865848
Envy Studio;Westbahnstraße 41, 1070 Wien;+43 676 4324661
ESTEL Haarkosmetik GmbH;Parkring 10, 1010 Wien;+43 1 8906740
ESTHETIQUE by Manuela Morawetz;Judengasse 7, 1010 Wien;+43 699 11919502
ESZTER NAILS e.U.;Nußdorfer Straße 76, 1090 Wien;
et.voilá Nageldesign e.U.;Ramperstorffergasse 2, 1050 Wien;
face & body Kosmetik;Ungargasse 2, 1030 Wien;+43 1 7105627
Face to Face Cosmetics e.U.;Fleischmarkt 16/1/1.DG/Top W, 1010 Wien;+43 676 4733866
fast waxing - Gesund & Schön Beautysalon;Kalvarienberggasse 70, 1170 Wien;+43 660 5081949
feel your skin - Kosmetikinstitut - Brigitta Welz;Budaugasse 51, 1220 Wien;+43 664 1746705
Fontaine de Jouvence - Kosmetik;Alser Straße 37/14, 1080 Wien;+43 1 3366060
Forever Beautiful Cosmetics;Nikolaigasse 1, 1010 Wien;+43 676 4529948
Forever Beautiful Cosmetics e.U.;Nikolaigasse 1/1, 1010 Wien;
Forever Hairfree;Simmeringer Hauptstraße 127, 1110 Wien;+43 660 1238007
Forever Hairfree;Rinnböckstraße 24, 1110 Wien;+43 660 1238007
FS First Skinlab GesmbH;Hütteldorfer Straße 195/Top 5, 1140 Wien;+43 1 5350513
Fußpflege- und Kosmetikinstitut Elisabet Zischka;Eibengasse 59, 1220 Wien;+43 1 2850440
Gassner Marisa;Ottakringer Straße 9-13, 1170 Wien;+43 1 4087953
Gino's Beauty Salon;Lederergasse 14, 1080 Wien;+43 676 5645358
Glamour Schönheitsinstitut;Lainzer Straße 23, 1130 Wien;+43 660 6808615
Glanz Nicole;Antonie-Alt-Gasse 8/3, Tür 4, 1100 Wien;
Goldoni Karla;Florianigasse 58/2, 1080 Wien;+43 676 5578638
Graser Martina;Siebensterngasse 33, 1070 Wien;+43 1 5243933
green door Nina Kiessling;Schwedenplatz 2/6/52, 1010 Wien;+43 676 7002485
GREENWAY-NATURKOSMETIK Isabella Zimmermann;Penzinger Straße 61, 1140 Wien;+43 660 2895911
Grün Claudia;Gottschalkgasse 7, 1110 Wien;+43 1 7436789
Guerlain Spa im The Ritz-Carlton Vienna;Schubertring 5-7, 1010 Wien;+43 1 31188
Hairless;Wiedner Hauptstraße 37/1, 1040 Wien;+43 1 5047017
Hansekowitz Marie Kosmetikstudio;Heiligenstädter Straße 131-135 / 3 / 66, 1190 Wien;+43 664 5254259
Haugeneder Nadja;Tokiostraße 10/2/22, 1220 Wien;
HAUTFREUND Doris Kraak;Plankengasse 1/11, 1010 Wien;+43 664 2410513
Hautgefühl KG;Invalidenstraße 11, 1030 Wien;+43 660 8598718
HAUTnah Medical Spa;Lindengasse 31-33, 1070 Wien;+43 664 5257337
Health Aesthetic Center GmbH;Kupelwiesergasse 27/1, 1130 Wien;+43 1 2284550
Heitzer Sarah;Alma-Rose-Gasse 2/Top 4, 1100 Wien;
HK Beaute e.U.;Ferrogasse 23/22, 1180 Wien;
Home of Beauty;Stiftgasse 18, 1070 Wien;+43 1 5224080
Hrdina Julia - Haare & Make-up - Visagistin;Burggasse 130, 1070 Wien;+43 650 2657646
HS Makeup Helga Steiner;Holochergasse 20/Top 9-10, 1150 Wien;+43 699 18416036
Ihr dm Kosmetik Studio;Wiedner Hauptstraße 70, 1040 Wien;+43 1 5876694-15
Ihr dm Kosmetik Studio;Mariahilfer Straße 89a, 1060 Wien;+43 1 5861737-15
Ihr dm Kosmetik Studio;Simmeringer Hauptstraße 96a Zentrum Simmering Top 19, 1110 Wien;+43 1 7487112-12
Ihr dm Kosmetik Studio;Thaliastraße 98-100, 1160 Wien;+43 1 4854768-12
Ihr dm Kosmetik Studio;Elterleinplatz 6, 1170 Wien;+43 1 4087580-12
Ihr dm Kosmetik Studio;Taborstraße 25, 1020 Wien;+43 1 2144705-15
Ihr dm Kosmetik Studio;Landstraßer Hauptstraße 97-101, 1030 Wien;+43 1 7129852-12
Ihr dm Kosmetik Studio;Wagramer Straße 81/Top 145 Donau Zentrum, 1210 Wien;+43 1 2037133-12
Ihr dm Kosmetik Studio;Hietzinger Hauptstraße 15, 1130 Wien;+43 1 8773210-12
Ihr dm Kosmetik Studio;Sandleitengasse 41, 1160 Wien;+43 1 4892744-12
Ihr dm Kosmetik Studio;Leopoldauer Straße 26-32, 1210 Wien;+43 1 2716524-12
Ihr dm Kosmetik Studio;Landwehrstraße 6 huma eleven, 1110 Wien;+43 1 7670593-12
Ihr dm Kosmetik Studio;Währinger Straße 103, 1180 Wien;+43 1 4058907-12
Ihr dm Kosmetik Studio;Albert-Schweitzer-Gasse 6a Auhofcenter, 1140 Wien;+43 1 5771819-12
Ihr dm Kosmetik Studio;Julius-Tandler-Platz 8, 1090 Wien;+43 1 3175587-12
Ihr dm Kosmetik Studio;Hütteldorfer Straße 81b Meiselmarkt, 1150 Wien;+43 1 7864266-12
Ihr dm Kosmetik Studio;Gewerbeparkstraße 21, 1220 Wien;+43 1 7342585-12
Ihr dm Kosmetik Studio;Favoritenstraße 130, 1100 Wien;+43 1 6044330-12
Ihr dm Kosmetik Studio;Landstraßer Hauptstraße 2a, 1030 Wien;+43 1 7145166
Ihr dm Kosmetik Studio;Stadion Center Olympiaplatz 2, 1020 Wien;+43 1 7265124-12
IKOS Ganzheitskosmetik GmbH;Lemböckgasse 47A, 1230 Wien;+43 699 15237503
Institut A Natural Difference - Kosmetikbehandlungen u Produkte, Anti Aging u Problemhaut;Windmühlgasse 20/ Top 57 Im Raimundhof, 1060 Wien;+43 699 15028408
Invitapoint im Beauty & More Studio;Dr.-Adolf-Schärf-Platz 4 - im Club Danube Donauzentrum, 1220 Wien;+43 664 4615210
Jovkic-Petkovic Sanela;Wielandgasse 5/6, 1100 Wien;
Kainz Ratha;Seitenstettengasse 5, 1010 Wien;+43 660 5579966
Kamann Viktoria Elisabeth;Anton-Frank-Gasse 7, 1180 Wien;
Kameliya Milosheva;Liechtensteinstraße 62, 1090 Wien;
Kameliya Professional KG;Liechtensteinstraße 62/1, 1090 Wien;+43 660 5499193
Katsiaryna Bukharieva, BSc;Leibnizgasse 62/11, 1100 Wien;
Khirkhash Shoaa;Meidlinger Hauptstraße 78/1, 1120 Wien;
KIRA KENNING Institut f Medizinische Kosmetik;Rotenturmstraße 17, 1010 Wien;+43 1 5321005
kirschundkern;Barawitzkagasse 8/17, 1190 Wien;+43 676 9605556
Kleedorfer Silvia;Marinonigasse 42, 1210 Wien;+43 1 2909530
KLEOPATRA Kosmetiksalon f. Männer u Frauen- Mag.Olga Rubanova;Herrengasse 8/2(im Hof)/Tür  5, 1010 Wien;+43 1 5350690
Kmak-Kaczmarczyk Klaudia Bernadeta;Krichbaumgasse 12/9, 1120 Wien;
Kolmer Maike;Gebrüder-Lang-Gasse 15/14, 1150 Wien;+43 676 5325775
Kosmetik & Meer Zeiler Sonja;Rotenhofgasse 14, 1100 Wien;+43 664 2155578
Kosmetik Amalienbad;Reumannplatz 23, 1100 Wien;+43 1 6021280
Kosmetik Christine;Anton-Bosch-Gasse 3-5/1, 1210 Wien;+43 1 2722265
KOSMETIK FESSTGASSE;Feßtgasse 6/21, 1160 Wien;+43 681 10399050
Kosmetik Fußpflege Gabriela;Strobachgasse 11, 1050 Wien;+43 1 5869563
Kosmetik Helene;Brünner Straße 41, 1210 Wien;+43 1 2706262
Kosmetik IL CAROSELLO;Auhofstraße 150/4, 1130 Wien;+43 1 8764820
Kosmetik Irene;Landstraßer Hauptstraße 64/1/8, 1030 Wien;+43 1 7109781
Kosmetik Koos;Mühlhäufelweg 74, 1220 Wien;+43 699 10518719
Kosmetik Liane - Schennach & Schennach OG;Krummbaumgasse 6, 1020 Wien;+43 1 2147764
Kosmetik Magda;Wilhelm-Exner-Gasse 25, 1090 Wien;+43 1 3152465
Kosmetik Monica;Hütteldorfer Straße 195, 1140 Wien;+43 1 9119593
Kosmetik Nofretete;Favoritenstraße 84, 1100 Wien;+43 1 6416048
Kosmetik Salon Antonia;Walfischgasse 14/Tür 5, 1010 Wien;+43 660 7771512
Kosmetik Silvia Gwiss;Kleine Pfarrgasse 7/7, 1020 Wien;+43 699 10597634
Kosmetik Silvia Kugler;Weingartenallee 24/1B/27, 1220 Wien;+43 1 2559735
Kosmetik Sonja;Simmeringer Hauptstraße 45, 1110 Wien;+43 650 5989897
Kosmetik Soraya;Wagramer Straße 55, 1220 Wien;+43 680 5557178
Kosmetik Stani;Heigerleinstraße 48, 1160 Wien;+43 699 11008992
Kosmetik u Fußpflege Susanne Felbermayer;Herbeckstraße 62, 1180 Wien;+43 1 4705333
Kosmetik Vera - Beauty Spa;Zedlitzgasse 3, 1010 Wien;+43 650 4065050
Kosmetikinstitut Bio-Beauty;Tivoligasse 4-6 Top 1, 1120 Wien;+43 1 8159040
Kosmetikinstitut Sana GesmbH;Kellermanngasse 5, 1070 Wien;+43 1 5234482
Kosmetikpalette Natalie Steigner;Ketzergasse 376-382, 1230 Wien;+43 1 8891803
Kosmetiksalon Gabriele Med;Bastiengasse 77/Eingang Scheibenbergstr 22, 1180 Wien;+43 1 4079705
Kosmetiksalon Tina Inh DiplKosm Tina Hoffmann;Marchfeldstraße 5, 1200 Wien;+43 1 3303381
Kosmetikstudio Aphrodite e.U.;Seilerstätte 12/1, 1010 Wien;+43 1 5951523
Kosmetikstudio Gesundheitszentrum Ottakring;Ottakringer Straße 151, 1160 Wien;+43 650 4877351
Kosmetikstudio Julia Moser;Rochusgasse 6, 1030 Wien;+43 1 7125197
Kosmetikstudio Silvia;Rudolf-Waisenhorn-Gasse 35 Top 15, 1230 Wien;+43 664 1205424
Kosmetikstudio Silvia;Erbpostgasse 7, 1210 Wien;+43 664 1205424
Kosmetikstudio STRAHLENDSCHÖN e.U.;Singerstraße 4, 1010 Wien;+43 1 9131344
Kosmetikstudio VitalPLUS;Rosmaringasse 65/2a, 1220 Wien;+43 1 9471805
Krunes Kornelija;Katharinengasse 4, 1100 Wien;
KS Makeup e.U.;Ernst-Bergmann-Gasse 8, 1140 Wien;
Kultiviert - Corradi GmbH;Renngasse 13, 1010 Wien;+43 1 5331992
La Belle Bie Ivanka Kraeva;Obere Bahngasse 14/4, 1030 Wien;+43 681 83434932
LA BELLEZZA Kosmetik Martina Kantner;Franklinstraße 22  (Im Hallenbad Floridsdorf), 1210 Wien;+43 1 2707632
La Fleur Beauty e.U.;Langobardenstraße 128/1/R1, 1220 Wien;
La Vera Bellezza;Döblinger Hauptstraße 48, 1190 Wien;+43 664 73689797
Lady Line Kosmetikstudio;Klosterneuburger Straße 41 Ecke Othmargasse, 1200 Wien;+43 1 3300690
Lang Helene;Nordbahnstraße 44/2/24, 1020 Wien;
Langegger Christa - Haut- u Haaranalysen;Alser Straße 17-19, 1080 Wien;+43 699 19374111
Lascsak Zuzana;Andreas-Huger-Gasse 6/1/37, 1220 Wien;+43 1 3973688
Lash Artists Academy - LAA e.U.;Stadiongasse 4, 1010 Wien;+43 676 3480907
Lex of Makeup;Martinstraße 76, 1180 Wien;+43 660 3890452
LEX OF MAKEUP e.U.;Schulgasse 55/1/1, 1180 Wien;
Lipo Line e.U.;Meidlinger Hauptstraße 42-44, 1120 Wien;+43 660 7222894
Living Essentials;Franziskanerplatz 6, 1010 Wien;+43 1 5125419
Lotos Kosmetik Institut e.U.;Wiedner Hauptstraße 112, 1050 Wien;
Luce Esthetics VIE GmbH;Wehrgasse 28/2, 1050 Wien;+43 1 9550955
Lyssenko Anna;Elidagasse 19, 1220 Wien;
M.E.D. ATELIER DORNBACH KG;Dornbacher Straße 125/1, 1170 Wien;+43 1 4800934
Magic Eyes;Karolinengasse 22, 1040 Wien;+43 664 1250925
MAKE UP FOR EVER e.U.;Helferstorferstraße 4, 1010 Wien;+43 1 5230563
Make you up;Ottakringer Straße 242/1, 1160 Wien;+43 676 4003654
makeitup Manuela Larisch;Braheplatz 12 / Gruppe 3/Haus 192, 1100 Wien;+43 699 10600044
Makeup Pro;Lerchenfelder Straße 11, 1070 Wien;+43 1 5227783
MakeUpLove e.U.;Kandlgasse 38/12, 1070 Wien;
Martell Parfümerie;Neubaugasse 19, 1070 Wien;+43 1 5261500
Martina Pöltner MARTINYKO Kosmetik;Ziehrerplatz 2, 1030 Wien;+43 676 3554577
Mazur Sabina;Ilse-Arlt-Straße 37/6, 1220 Wien;
Medkosmetik Wien – Inh. Martina Kraft;Obere Donaustraße 45/Eg, 1020 Wien;+43 699 19583824
Merinsky Denise;Paradisgasse 30/3/4, 1190 Wien;
Michi's Naturkosmetik;Untere Augartenstraße 7, 1020 Wien;+43 1 3334618
MIKI & LALA'S e.U.;Donaufelder Straße 177/2/31, 1220 Wien;+43 660 1159779
Mimoro e.U.;Hertha-Firnberg-Straße 10/2/607, 1100 Wien;
Minev KG;Leopold-Ernst-Gasse 6-8, 1180 Wien;+43 676 5213891
MM Institut für Cosmetic;Steinheilgasse 56, 1210 Wien;+43 650 4877351
Monika Duben Reviderm Kosmetikinstitut;Sieveringer Straße 18/12, 1190 Wien;+43 1 3289033
Motamedi Adriana;Römergasse 33/12, 1160 Wien;
Müller & Jell OG;Gablenzgasse 41/10/1, 1150 Wien;
MUSTHAVE e.U.;Kloepferstraße 53, 1220 Wien;
My Nails KG;Landstraßer Hauptstraße 129/2/1, 1030 Wien;
MY STYLE Kosmetikstudio im Fitnesscenter Holmes Place;Hütteldorfer Straße 130a, 1140 Wien;+43 676 9448668
myhairfree Institut Wien 6;Mariahilfer Straße 123/1, 1060 Wien;+43 1 9971597
Mystic of Beauty Gordana Radulovic;Längenfeldgasse 28/8/L3, 1120 Wien;+43 1 9662900
Nails in the City;Riemergasse 11/6, 1010 Wien;+43 650 2618835
Narona pure care e.U.;Sieveringer Straße 105, 1190 Wien;+43 650 7155240
Naturkosmetik Josefstadt;Josefstädter Straße 52, 1080 Wien;+43 699 11835941
Nguyen Nageldesign e.U.;Neubaugasse 73, 1070 Wien;
NHN GmbH;Walfischgasse 9/L16+L17, 1010 Wien;
Omowuwe Maria BA;Antonigasse 59, 1170 Wien;
Onglerie KG;Stadiongasse 4, 1010 Wien;+43 1 8905181
Opitz Tamásné;Lederergasse 14A/2-3, 1080 Wien;
P&A True Beauty OG;Franz-Haas-Platz 2/6, 1110 Wien;+43 1 9972886
Panfili Olga;Daringergasse 12-20/22/25, 1190 Wien;
Perfect - Body Institut;Zachgasse 1, 1220 Wien;+43 1 2858177
Perfect Beauty Petra Pröller;Doningasse 12/2/1. Stock, 1220 Wien;+43 664 75005254
Perfect Skin Cosmetic;Weingartenallee 6/86, 1220 Wien;+43 676 88889700
Peters Kosmetik individuell;Schrekergasse 1, 1160 Wien;+43 1 9142171
PhiBrows e.U.;Gartengasse 8, 1050 Wien;+43 660 4372555
Pichler Beata;Hainburger Straße 47, 1030 Wien;+43 1 7188557
Pichowetz Ilse;Prager Straße 21, 1210 Wien;+43 1 2787254
Pöchl Florentina;Papiergasse 11, 1230 Wien;+43 1 6650265
Polak Ines;Mariahilfer Straße 19-21/26, 1060 Wien;
Popkira Business GmbH;Jurekgasse 23/27, 1150 Wien;
Proskurina Liliia;Langobardenstraße 45/30, 1220 Wien;
Puecker Jacqueline;Franz-Mika-Weg 5/2, Tür 1, 1100 Wien;
pureface GmbH;Laxenburger Straße 218, 1230 Wien;
Queenly realestate GmbH;Kärntner Straße 61/18, 1010 Wien;
Raum li-Belle - Andrea Kaufmann-Lueger;Prager Straße 175/3, 1210 Wien;+43 680 4023282
Reimond Marina - Permanent Make Up & Beauty;Rögergasse 6/3/R01 U4 Roßauer Lände, 1090 Wien;+43 676 6021561
Renner Helga;Cothmannstraße 5-7, 1120 Wien;+43 1 5264858
Reutt Viktoryia;Barichgasse 5A/1, 1030 Wien;
Riemer Monika;Habsburgergasse 3/10, 1010 Wien;+43 1 5338049
Ruoff-Herrera Thomas - int. Make - up Artist;Lerchenfelder Straße 11, 1070 Wien;+43 676 9507365
S.H.E.R.R.Y. Beauty e.U.;Columbusgasse 69/5-6, 1100 Wien;
Salon Renata;Thimiggasse 7, 1180 Wien;+43 1 4708618
Salon Theresa Inh. Theresa Dürnwöber-Koci;Treustraße 26, 1200 Wien;+43 1 3307493
Saphir Beauty Salon;Rauscherstraße 10, 1200 Wien;+43 699 13511460
Schönheitsatelier Nadine Shamandi;Simmeringer Hauptstraße 201, 1110 Wien;+43 1 7682923
Schönheitscenter Steffi Steinfellner;Breitenfurter Straße 17, 1120 Wien;+43 1 8122692
Schönheitsoase Viktora;Hütteldorfer Straße 289, 1140 Wien;+43 1 9111781
Schönheitspflege BeautyEngel e.U.;Erlaaer Straße 70/5/13, 1230 Wien;
Schönheitssalon Anna;Klosterneuburger Straße 57, 1200 Wien;+43 1 3302453
Schönheitssalon Mitra;Kalvarienberggasse 46/1-9, 1170 Wien;+43 660 1611894
Schroedl Nicole;Kundratstraße 6, Tür 1614, 1100 Wien;+43 681 20431785
Schröer Christian;Schönbrunner Straße 42/6, 1050 Wien;+43 676 7393117
Seiser Raina;Faistauergasse 117, 1130 Wien;
Senzera - Waxing Studio Wien-Josefstadt;Alser Straße 43, 1080 Wien;+43 1 4063040
Senzera GmbH Kosmetik;Landstraßer Hauptstraße 104, 1030 Wien;+43 1 7106251
Sert & Gencigör OG;Breitenfurter Straße 15/3, 1120 Wien;+43 1 8102988
Shannon Cosmetics;Krugerstraße 12, 1010 Wien;+43 1 5123431
Shape-Line Studio;Quellenstraße 126, 1100 Wien;+43 1 6064631
SiBelle Beauty Salon;Parhamerplatz 15, 1170 Wien;+43 676 9401416
Silhouette Kosmetik- u HandelsgmbH;Mayerhofgasse 1/10, 1040 Wien;+43 1 5054132
SISSY COSMETICS;Johannesgasse 28, 1030 Wien;+43 681 10304057
Skrobar Martina - die Kosmetikerin e.U.;Thaliastraße 151/2/1, 1160 Wien;+43 664 5208185
smartskin Body & Beauty;Nußdorfer Straße 26-28/9, 1090 Wien;+43 1 9581394
Stellas Beauty Atelier - Ihre Figur & Kosmetikinstitut;Sechsschimmelgasse 13, 1090 Wien;+43 1 3174242
Stetsenko Kamila;Mollardgasse 49/3, 1060 Wien;
Stojanovski Ajla;Mariahilfer Straße 131, Tür 11, 1150 Wien;
Stojicic Andjela;Meidlinger Hauptstraße 43, 1120 Wien;
Straková Júlia;Trillergasse 2B/52, 1210 Wien;
Studio Aydan;Porzellangasse 60, 1090 Wien;+43 660 3291144
Studio Estetica - Elisabeth Futschik KG;Krottenbachstraße 114, 1190 Wien;+43 1 3205661
Studio Sensus Inh Eva Ruhrhofer;Eßlinggasse 9/11, 1010 Wien;+43 1 5336926
Studio Welcome;Linzer Straße 403, 1140 Wien;+43 1 9143583
Sugarbaby Vienna e.U.;Putzendoplergasse 2/4/14, 1230 Wien;+43 676 5979858
Susiś Nagelstudio e.U.;Rögergasse 6/3/1, 1090 Wien;
Sweet Treat Sugaring;Rotgasse 6, 1010 Wien;+43 664 1548028
Tax Jennifer;Seyringer Straße 1/2/301, 1210 Wien;
TEMPTU&EVAGARDEN - Showroom;Kärntner Ring 14/DG1/Top 13, 1010 Wien;+43 1 503247611
TEN Beauty;Simmeringer Hauptstraße 127, 1110 Wien;+43 699 17120570
The EYE effect - Wimpernverlängerung;Anton-Baumgartner-Straße 44/Top 24a, 1230 Wien;+43 664 2820020
Tiefenbacher Ruzica OG;Drachengasse 3/9, 1010 Wien;
TOLL(E) KIRSCHE - Das Schminkfrüchtchen;Bellegardegasse 4/Tür 2, 1220 Wien;+43 699 19730833
Trend Kosmetik Reif & Forjan GesmbH;Fleischmarkt 18/5/38, 1010 Wien;+43 1 5322390
Tubic David Schönheitsinstitut Nord e.U.;Prager Straße 93-99, 1210 Wien;+43 1 2700958
URANIA BEAUTY;Wiesingerstraße 1, 1010 Wien;+43 1 5127625
Van Gils Hautpflege;Kochgasse 34, 1080 Wien;+43 676 6335159
Velvet Kosmetik;Jagdgasse 27, 1100 Wien;+43 699 10105800
Vicky Lash - Makeup Artist;Ettenreichgasse 13, 1100 Wien;+43 676 3314003
VISAGISTIN AZER e.U.;Porzellangasse 48/2/14, 1090 Wien;
Walter Vock GesmbH;Reinprechtsdorfer Straße 52, 1050 Wien;+43 1 5442341
Warpaint e.U.;Pohlgasse 13/7/4, 1120 Wien;
Waxx'n go;Parhamerplatz 15, 1170 Wien;+43 1 4811481
Wellness - Ehrenreich Jutta;Nikolsdorfer Gasse 41, 1050 Wien;+43 1 5867270
Welsburg Viola;Anton-Baumgartner-Straße 44 Kaufpark Alt Erlaa Top 38, 1230 Wien;+43 1 6676557
Yasumi Kosmetikstudio;Krakauer Straße 14/Top 204, 1020 Wien;+43 699 18365676
Elsana Cosmetic;Auhofstraße 148, 1130 Wien;+43 1 8774880
Microblading Adrianna Lushezy;Schulgasse 5, 1180 Wien;+43 699 18883377
Madame Beauty Salon of Margot;Quellenstraße 96, 1100 Wien;+43 1 6024168
Else Kosmetik Massage Fusspflege;Sieveringer Straße 13, 1190 Wien;+43 1 3209886
Horvath Olga;Heinestraße 17, 1020 Wien;+43 1 2145578
